Location,Confirmed,Case_Per_1M_people,Recovered,Deaths,Mortality
Worldwide,7410510,953,0,418294,0.0564
United States,2111215,6406,649694,116969,0.0554
Brazil,850514,4024,427610,42720,0.0502
Russia,520129,3544,274641,6829,0.0131
India,308993,227,154330,8884,0.0288
United Kingdom,294375,4431,0,41662,0.1415
Spain,243605,5172,150376,27136,0.1114
Italy,236651,3928,174865,34301,0.1449
Peru,220749,6870,107133,6308,0.0286
Germany,187388,2254,171897,8866,0.0473
Iran,184955,2220,146748,8730,0.0472
Turkey,176677,2125,150087,4792,0.0271
Chile,167355,8759,0,3101,0.0185
France,156813,2338,72808,29389,0.1874
Mexico,139196,1100,101767,16448,0.1182
Pakistan,132405,604,50056,2551,0.0193
Saudi Arabia,123308,3604,82548,932,0.0076
Canada,98410,2591,59353,8107,0.0824
Bangladesh,84379,501,17827,1139,0.0135
Mainland China,83075,59,78367,4634,0.0558
Qatar,78416,28543,55252,70,0.0009
South Africa,65736,1118,36850,1423,0.0216
Belgium,59918,5199,16547,9650,0.1611
Belarus,53241,5656,29111,303,0.0057
Sweden,50931,4929,0,4874,0.0957
Colombia,48746,987,19426,1592,0.0327
Netherlands,48640,2787,0,6057,0.1245
Ecuador,46356,2655,4600,3874,0.0836
Egypt,42980,429,11529,1484,0.0345
United Arab Emirates,41990,4246,26761,288,0.0069
Singapore,40197,7048,28808,26,0.0006
Indonesia,37420,140,13776,2091,0.0559
Portugal,36463,3548,22438,1512,0.0415
Kuwait,35466,8024,25882,289,0.0081
Switzerland,31094,3621,28800,1677,0.0539
Ukraine,30506,728,13976,880,0.0288
Argentina,30282,674,9070,815,0.0269
Poland,29017,756,14104,1237,0.0426
Philippines,25392,234,5706,1074,0.0423
Ireland,25295,5140,23213,1705,0.0674
Afghanistan,24102,748,4201,451,0.0187
Dominican Republic,22572,2179,13084,577,0.0256
Oman,22077,4733,7530,99,0.0045
Romania,21679,1117,15635,1394,0.0643
Panama,19211,4554,13759,421,0.0219
Iraq,18950,484,7515,549,0.029
Israel,18876,2056,15319,300,0.0159
Bahrain,17713,11477,12191,37,0.0021
Japan,17382,138,15580,924,0.0532
Austria,17078,1918,16012,677,0.0396
Bolivia,16929,1476,2431,559,0.033
Armenia,16004,5411,6081,264,0.0165
Nigeria,15682,76,5101,407,0.026
Kazakhstan,14238,762,8829,72,0.0051
Serbia,12251,1759,11348,253,0.0207
Denmark,12139,2085,11035,597,0.0492
South Korea,12051,233,10691,277,0.023
Moldova,11459,4273,6421,398,0.0347
Ghana,11118,367,3979,48,0.0043
Algeria,10810,251,7420,760,0.0703
Czechia,9960,931,7219,328,0.0329
Azerbaijan,9570,951,5309,115,0.012
Guatemala,8982,541,1702,351,0.0391
Morocco,8692,242,7696,212,0.0244
Cameroon,8681,327,4836,208,0.024
Norway,8628,1607,8138,242,0.028
Malaysia,8445,258,7311,120,0.0142
Honduras,8132,888,844,306,0.0376
Australia,7300,284,6812,102,0.014
Finland,7087,1282,6200,325,0.0459
Sudan,7007,165,2556,447,0.0638
Nepal,5335,178,913,18,0.0034
Senegal,4996,308,3228,52,0.0104
Tajikistan,4971,545,3288,50,0.0101
Uzbekistan,4966,146,3874,19,0.0038
Côte d'Ivoire,4848,188,2397,45,0.0093
Democratic Republic of the Congo,4724,53,595,106,0.0224
Guinea,4484,367,3213,25,0.0056
Djibouti,4449,4126,2823,41,0.0092
Hungary,4064,416,2476,559,0.1375
Luxembourg,4063,6618,3922,110,0.0271
Haiti,3941,340,24,64,0.0162
North Macedonia,3895,1875,1705,179,0.046
El Salvador,3603,555,1738,72,0.02
Gabon,3463,1594,1024,22,0.0064
Kenya,3457,73,1221,100,0.0289
Bulgaria,3191,456,1716,172,0.0539
Ethiopia,3166,32,495,55,0.0174
Thailand,3134,47,2987,58,0.0185
Greece,3112,290,1374,183,0.0588
Bosnia and Herzegovina,2893,876,2119,163,0.0563
Venezuela,2879,89,487,23,0.008
Somalia,2579,162,559,87,0.0337
Croatia,2251,552,2134,107,0.0475
Mayotte,2240,9791,0,28,0.0125
Cuba,2238,200,1923,84,0.0375
Kyrgyzstan,2207,338,1722,27,0.0122
Central African Republic,2057,374,363,7,0.0034
Maldives,2013,5371,1217,8,0.004
Estonia,1973,1485,1705,69,0.035
Sri Lanka,1884,86,1252,11,0.0058
Iceland,1808,4963,1794,10,0.0055
Mali,1776,89,1058,104,0.0586
Lithuania,1763,631,1416,75,0.0425
South Sudan,1693,132,49,27,0.0159
Mauritania,1682,413,311,83,0.0493
Costa Rica,1662,329,743,12,0.0072
Slovakia,1545,283,1410,28,0.0181
Slovenia,1492,712,1359,109,0.0731
Nicaragua,1464,227,953,55,0.0376
Albania,1464,514,1039,36,0.0246
Guinea-Bissau,1460,910,153,15,0.0103
Lebanon,1442,211,868,32,0.0222
Zambia,1357,76,1104,10,0.0074
Kosovo,1326,738,921,31,0.0234
Equatorial Guinea,1306,962,200,12,0.0092
Paraguay,1261,176,647,11,0.0087
Madagascar,1252,48,362,10,0.008
New Zealand,1154,232,1132,22,0.0191
Sierra Leone,1132,143,670,51,0.0451
Hong Kong,1110,148,1061,4,0.0036
Latvia,1097,575,845,28,0.0255
Tunisia,1094,93,995,49,0.0448
Cyprus,980,1119,807,18,0.0184
Niger,980,44,881,66,0.0673
Jordan,953,89,678,9,0.0094
French Guiana,917,3216,0,2,0.0022
Burkina Faso,892,43,790,53,0.0594
Andorra,853,11000,781,51,0.0598
Georgia,851,229,702,14,0.0165
Chad,848,52,718,72,0.0849
Uruguay,847,241,780,23,0.0272
Republic of the Congo,745,135,0,25,0.0336
Cape Verde,726,1319,298,6,0.0083
Yemen,705,24,39,160,0.227
San Marino,694,20671,520,42,0.0605
Uganda,694,17,219,0,0.0
São Tomé and Príncipe,659,3266,176,12,0.0182
Malta,646,1309,601,9,0.0139
Jamaica,614,225,417,10,0.0163
Mozambique,553,18,151,2,0.0036
Rwanda,541,44,332,2,0.0037
Togo,530,70,291,13,0.0245
Malawi,529,28,66,5,0.0095
Tanzania,509,9,183,21,0.0413
Palestine,489,98,414,3,0.0061
Eswatini,486,445,247,3,0.0062
Liberia,446,100,214,32,0.0717
Taiwan,443,19,431,7,0.0158
Benin,412,35,222,6,0.0146
Libya,409,60,59,6,0.0147
Zimbabwe,356,23,54,4,0.0112
Mauritius,337,266,324,10,0.0297
Isle of Man,336,4033,312,24,0.0714
Vietnam,334,3,323,0,0.0
Montenegro,324,521,315,9,0.0278
Jersey,313,2931,292,30,0.0958
Myanmar (Burma),261,5,165,6,0.023
Guernsey,252,4013,238,13,0.0516
Martinique,202,520,0,14,0.0693
Mongolia,197,60,95,0,0.0
Suriname,196,337,9,3,0.0153
Cayman Islands,187,2841,115,1,0.0053
Faroe Islands,187,3588,187,0,0.0
Gibraltar,176,5222,172,0,0.0
Syria,170,10,71,6,0.0353
Guadeloupe,164,403,0,14,0.0854
Guyana,159,203,95,12,0.0755
Bermuda,142,2218,127,9,0.0634
Brunei,141,319,138,2,0.0142
Angola,138,4,61,6,0.0435
Cambodia,126,8,125,0,0.0
Trinidad and Tobago,117,86,109,8,0.0684
Northern Cyprus,108,331,104,4,0.037
The Bahamas,103,267,68,11,0.1068
Aruba,101,899,98,3,0.0297
Monaco,99,2585,93,4,0.0404
Barbados,96,334,83,7,0.0729
Burundi,85,8,45,1,0.0118
Liechtenstein,82,2116,55,1,0.0122
Sint Maarten,77,1896,61,15,0.1948
Eritrea,65,19,39,0,0.0
Bhutan,62,84,18,0,0.0
Botswana,60,26,24,1,0.0167
French Polynesia,60,217,60,0,0.0
Macao,45,66,45,0,0.0
Saint Martin,41,1147,0,3,0.0732
Namibia,32,13,17,0,0.0
The Gambia,28,12,22,1,0.0357
Saint Vincent and the Grenadines,27,244,0,0,0.0
Antigua and Barbuda,26,270,20,3,0.1154
Timor-Leste,24,17,24,0,0.0
Grenada,23,205,22,0,0.0
Curaçao,22,139,16,1,0.0455
New Caledonia,21,74,20,0,0.0
Belize,20,49,16,2,0.1
Åland Islands,19,636,0,0,0.0
Laos,19,3,19,0,0.0
Saint Lucia,19,106,18,0,0.0
Dominica,18,251,16,0,0.0
Fiji,18,20,18,0,0.0
Saint Kitts and Nevis,15,284,15,0,0.0
Falkland Islands (Islas Malvinas),13,0,13,0,0.0
Greenland,13,232,13,0,0.0
Vatican City,12,0,12,0,0.0
Montserrat,11,0,10,1,0.0909
Seychelles,11,113,11,0,0.0
British Virgin Islands,8,266,7,1,0.125
Papua New Guinea,8,1,8,0,0.0
Caribbean Netherlands,7,282,0,0,0.0
Saint Barthélemy,6,0,0,0,0.0
Anguilla,3,202,3,0,0.0
Saint Pierre and Miquelon,1,0,1,0,0.0
Guernsey,0,0,0,0,
Bouvet Island,0,0,0,0,
British Indian Ocean Territory,0,0,0,0,
Turkmenistan,0,0,0,0,
Svalbard and Jan Mayen,0,0,0,0,
Comoros,0,0,0,0,
Solomon Islands,0,0,0,0,
Christmas Island,0,0,0,0,
Cocos (Keeling) Islands,0,0,0,0,
Cook Islands,0,0,0,0,
French Southern and Antarctic Lands,0,0,0,0,
Federated States of Micronesia,0,0,0,0,
Heard Island and McDonald Islands,0,0,0,0,
Kiribati,0,0,0,0,
Lesotho,0,0,0,0,
Marshall Islands,0,0,0,0,
Niue,0,0,0,0,
North Korea,0,0,0,0,
Nauru,0,0,0,0,
Norfolk Island,0,0,0,0,
Palau,0,0,0,0,
Pitcairn Islands,0,0,0,0,
Samoa,0,0,0,0,
South Georgia and the South Sandwich Islands,0,0,0,0,
Antarctica,0,0,0,0,
Tokelau,0,0,0,0,
Tonga,0,0,0,0,
Turks and Caicos Islands,0,0,0,0,
Tuvalu,0,0,0,0,
United States Minor Outlying Islands,0,0,0,0,
Vanuatu,0,0,0,0,
"Saint Helena, Ascension and Tristan da Cunha",0,0,0,0,
Wallis and Futuna,0,0,0,0,
Western Sahara,0,0,0,0,
Réunion,0,0,0,0,
